Mutation	MutationAnnot	Pocket	NTV	NTVAnnot	ENS	Fitness	In Vitro	Prevalence	IsDRM
G15S			4.4					0.30000%	TRUE
T21I			4.1				+++	0.00270%	TRUE
T45I		Yes	2		4.8			0.03000%	TRUE
S46F		Yes	1.1		1.5			0.03000%	FALSE
E47K		Yes	0.9		0.8			0.01000%	FALSE
D48Y		Yes	2		5.9			0.00100%	TRUE
M49I		Yes	1		11.5	OK		0.02000%	TRUE
M49T		Yes	1		5.6	OK		0.00100%	TRUE
M49L		Yes	1			OK		0.00060%	FALSE
L50F		Yes	2.5				+++	0.05000%	TRUE
Y54C			4.2					0.00000%	TRUE
T135I			3.5			OK		0.01000%	TRUE
N142D		Yes	1.5		3.2			0.00070%	TRUE
N142S		Yes	1.3		4.8			0.00100%	TRUE
N142L		Yes	5	‡		OK		0.00030%	TRUE
N142A		Yes	1.5					0.00002%	FALSE
G143S		Yes	151		16	Poor		0.00020%	TRUE
S144A	*	Yes	11	‡		Reduced	+++	0.00008%	TRUE
S144G		Yes	11.5			Fair		0.00000%	TRUE
H164N		Yes	4			Fair		0.00000%	TRUE
M165I		Yes	1.2		2.1			0.00080%	FALSE
M165T		Yes	15.2			Reduced		0.00007%	TRUE
M165Y		Yes	999			Poor		0.00000%	TRUE
E166V	†	Yes	228				+++	0.00004%	TRUE
E166A		Yes					+	0.00004%	TRUE
E166Q		Yes	6.6			OK		0.00000%	TRUE
E166H		Yes	999			Poor		0.00000%	TRUE
E166M		Yes	24					0.00000%	TRUE
E166R		Yes	6.5					0.00000%	TRUE
E167F		Yes	6.4				+++	0.00002%	TRUE
P168S		Yes	0.6		1.6			0.00500%	FALSE
P168del		Yes	5.7		6.8				TRUE
T169I		Yes	1.1		1.3			0.00500%	FALSE
V171I			0.7		1.5			0.00600%	FALSE
H172Q		Yes	24	‡		Fair	+	0.00004%	TRUE
H172F			25			Poor		0.00000%	TRUE
A173V			2.3	‡			+++	0.00200%	TRUE
A173T			4.5		1.3			0.00100%	TRUE
V186A		Yes					+++	0.00050%	TRUE
R188K		Yes	1.1		2.4			0.00300%	FALSE
R188S		Yes	2.9		5.7			0.00200%	TRUE
Q189K		Yes	12.9		1.9	Fair		0.00060%	TRUE
Q189I		Yes	4.2					0.00000%	TRUE
T190I		Yes	1.6		2.9			0.02000%	TRUE
A191T		Yes	1.6		4.5	OK		0.00700%	TRUE
A191V		Yes	2.4		3.6	OK	+	0.09000%	TRUE
Q192R		Yes	5.2					0.00004%	TRUE
Q192K		Yes	999			Poor		0.00010%	TRUE
Q193T		Yes	16.8			Poor		0.00002%	TRUE
A193S			1.8					0.00300%	FALSE
A193T			2.1					0.02000%	FALSE
A193V			0.6					0.07000%	FALSE
D248E			3.7					0.01000%	TRUE
P252L			10				+++	0.00600%	TRUE
T304I			4.5				+++	0.00900%	TRUE
