Mutation	RDV	RDVAnnot	InVivo	InVitro	Prevalence	IsDRM
V166A				+	0.00080%	TRUE
V166L	2.3			+	0.00400%	TRUE
N198S				+	0.01000%	TRUE
F480L	6	*		+	0.00020%	TRUE
D484Y			+		0.00080%	TRUE
F557L	6	*		+	0.00030%	TRUE
S759A	7.3	*		+	0.00000%	TRUE
V792I	7.3	*	+	+	0.00200%	TRUE
C799R	2.7			+	0.00006%	TRUE
E802D	5.4		+	+	0.00200%	TRUE
E802A	4.2				0.00020%	TRUE
